name,type_1,type_2,height_m,weight_kg,total_points,hp,attack,defense,sp_attack,sp_defense,speed
Bulbasaur,Grass,Poison,0.7,6.9,318,45,49,49,65,65,45
Ivysaur,Grass,Poison,1,13,405,60,62,63,80,80,60
Venusaur,Grass,Poison,2,100,525,80,82,83,100,100,80
Mega Venusaur,Grass,Poison,2.4,155.5,625,80,100,123,122,120,80
Charmander,Fire,,0.6,8.5,309,39,52,43,60,50,65
Charmeleon,Fire,,1.1,19,405,58,64,58,80,65,80
Charizard,Fire,Flying,1.7,90.5,534,78,84,78,109,85,100
Mega Charizard X,Fire,Dragon,1.7,110.5,634,78,130,111,130,85,100
Mega Charizard Y,Fire,Flying,1.7,100.5,634,78,104,78,159,115,100
Squirtle,Water,,0.5,9,314,44,48,65,50,64,43
Wartortle,Water,,1,22.5,405,59,63,80,65,80,58
Blastoise,Water,,1.6,85.5,530,79,83,100,85,105,78
Mega Blastoise,Water,,1.6,101.1,630,79,103,120,135,115,78
Caterpie,Bug,,0.3,2.9,195,45,30,35,20,20,45
Metapod,Bug,,0.7,9.9,205,50,20,55,25,25,30
Butterfree,Bug,Flying,1.1,32,395,60,45,50,90,80,70
Weedle,Bug,Poison,0.3,3.2,195,40,35,30,20,20,50
Kakuna,Bug,Poison,0.6,10,205,45,25,50,25,25,35
Beedrill,Bug,Poison,1,29.5,395,65,90,40,45,80,75
Mega Beedrill,Bug,Poison,1.4,40.5,495,65,150,40,15,80,145
Pidgey,Normal,Flying,0.3,1.8,251,40,45,40,35,35,56
Pidgeotto,Normal,Flying,1.1,30,349,63,60,55,50,50,71
Pidgeot,Normal,Flying,1.5,39.5,479,83,80,75,70,70,101
Mega Pidgeot,Normal,Flying,2.2,50.5,579,83,80,80,135,80,121
Rattata,Normal,,0.3,3.5,253,30,56,35,25,35,72
Alolan Rattata,Dark,Normal,0.3,3.8,253,30,56,35,25,35,72
Raticate,Normal,,0.7,18.5,413,55,81,60,50,70,97
Alolan Raticate,Dark,Normal,0.7,25.5,413,75,71,70,40,80,77
Spearow,Normal,Flying,0.3,2,262,40,60,30,31,31,70
Fearow,Normal,Flying,1.2,38,442,65,90,65,61,61,100
Ekans,Poison,,2,6.9,288,35,60,44,40,54,55
Arbok,Poison,,3.5,65,448,60,95,69,65,79,80
Pikachu,Electric,,0.4,6,320,35,55,40,50,50,90
Partner Pikachu,Electric,,0.4,6,430,45,80,50,75,60,120
Raichu,Electric,,0.8,30,485,60,90,55,90,80,110
Alolan Raichu,Electric,Psychic,0.7,21,485,60,85,50,95,85,110
Sandshrew,Ground,,0.6,12,300,50,75,85,20,30,40
Alolan Sandshrew,Ice,Steel,0.7,40,300,50,75,90,10,35,40
Sandslash,Ground,,1,29.5,450,75,100,110,45,55,65
Alolan Sandslash,Ice,Steel,1.2,55,450,75,100,120,25,65,65
Nidoran♀,Poison,,0.4,7,275,55,47,52,40,40,41
Nidorina,Poison,,0.8,20,365,70,62,67,55,55,56
Nidoqueen,Poison,Ground,1.3,60,505,90,92,87,75,85,76
Nidoran♂,Poison,,0.5,9,273,46,57,40,40,40,50
Nidorino,Poison,,0.9,19.5,365,61,72,57,55,55,65
Nidoking,Poison,Ground,1.4,62,505,81,102,77,85,75,85
Clefairy,Fairy,,0.6,7.5,323,70,45,48,60,65,35
Clefable,Fairy,,1.3,40,483,95,70,73,95,90,60
Vulpix,Fire,,0.6,9.9,299,38,41,40,50,65,65
Alolan Vulpix,Ice,,0.6,9.9,299,38,41,40,50,65,65
Ninetales,Fire,,1.1,19.9,505,73,76,75,81,100,100
Alolan Ninetales,Ice,Fairy,1.1,19.9,505,73,67,75,81,100,109
Jigglypuff,Normal,Fairy,0.5,5.5,270,115,45,20,45,25,20
Wigglytuff,Normal,Fairy,1,12,435,140,70,45,85,50,45
Zubat,Poison,Flying,0.8,7.5,245,40,45,35,30,40,55
Golbat,Poison,Flying,1.6,55,455,75,80,70,65,75,90
Oddish,Grass,Poison,0.5,5.4,320,45,50,55,75,65,30
Gloom,Grass,Poison,0.8,8.6,395,60,65,70,85,75,40
Vileplume,Grass,Poison,1.2,18.6,490,75,80,85,110,90,50
Paras,Bug,Grass,0.3,5.4,285,35,70,55,45,55,25
Parasect,Bug,Grass,1,29.5,405,60,95,80,60,80,30
Venonat,Bug,Poison,1,30,305,60,55,50,40,55,45
Venomoth,Bug,Poison,1.5,12.5,450,70,65,60,90,75,90
Diglett,Ground,,0.2,0.8,265,10,55,25,35,45,95
Alolan Diglett,Ground,Steel,0.2,1,265,10,55,30,35,45,90
Dugtrio,Ground,,0.7,33.3,425,35,100,50,50,70,120
Alolan Dugtrio,Ground,Steel,0.7,66.6,425,35,100,60,50,70,110
Meowth,Normal,,0.4,4.2,290,40,45,35,40,40,90
Alolan Meowth,Dark,,0.4,4.2,290,40,35,35,50,40,90
Galarian Meowth,Steel,,0.4,7.5,290,50,65,55,40,40,40
Persian,Normal,,1,32,440,65,70,60,65,65,115
Alolan Persian,Dark,,1.1,33,440,65,60,60,75,65,115
Psyduck,Water,,0.8,19.6,320,50,52,48,65,50,55
Golduck,Water,,1.7,76.6,500,80,82,78,95,80,85
Mankey,Fighting,,0.5,28,305,40,80,35,35,45,70
Primeape,Fighting,,1,32,455,65,105,60,60,70,95
Growlithe,Fire,,0.7,19,350,55,70,45,70,50,60
Arcanine,Fire,,1.9,155,555,90,110,80,100,80,95
Poliwag,Water,,0.6,12.4,300,40,50,40,40,40,90
Poliwhirl,Water,,1,20,385,65,65,65,50,50,90
Poliwrath,Water,Fighting,1.3,54,510,90,95,95,70,90,70
Abra,Psychic,,0.9,19.5,310,25,20,15,105,55,90
Kadabra,Psychic,,1.3,56.5,400,40,35,30,120,70,105
Alakazam,Psychic,,1.5,48,500,55,50,45,135,95,120
Mega Alakazam,Psychic,,1.2,48,600,55,50,65,175,105,150
Machop,Fighting,,0.8,19.5,305,70,80,50,35,35,35
Machoke,Fighting,,1.5,70.5,405,80,100,70,50,60,45
Machamp,Fighting,,1.6,130,505,90,130,80,65,85,55
Bellsprout,Grass,Poison,0.7,4,300,50,75,35,70,30,40
Weepinbell,Grass,Poison,1,6.4,390,65,90,50,85,45,55
Victreebel,Grass,Poison,1.7,15.5,490,80,105,65,100,70,70
Tentacool,Water,Poison,0.9,45.5,335,40,40,35,50,100,70
Tentacruel,Water,Poison,1.6,55,515,80,70,65,80,120,100
Geodude,Rock,Ground,0.4,20,300,40,80,100,30,30,20
Alolan Geodude,Rock,Electric,0.4,20.3,300,40,80,100,30,30,20
Graveler,Rock,Ground,1,105,390,55,95,115,45,45,35
Alolan Graveler,Rock,Electric,1,110,390,55,95,115,45,45,35
Golem,Rock,Ground,1.4,300,495,80,120,130,55,65,45
Alolan Golem,Rock,Electric,1.7,316,495,80,120,130,55,65,45
Ponyta,Fire,,1,30,410,50,85,55,65,65,90
Galarian Ponyta,Psychic,,0.8,24,410,50,85,55,65,65,90
Rapidash,Fire,,1.7,95,500,65,100,70,80,80,105
Galarian Rapidash,Psychic,Fairy,1.7,80,500,65,100,70,80,80,105
Slowpoke,Water,Psychic,1.2,36,315,90,65,65,40,40,15
Galarian Slowpoke,Psychic,,1.2,36,315,90,65,65,40,40,15
Slowbro,Water,Psychic,1.6,78.5,490,95,75,110,100,80,30
Mega Slowbro,Water,Psychic,2,120,590,95,75,180,130,80,30
Galarian Slowbro,Poison,Psychic,1.6,70.5,490,95,100,95,100,70,30
Magnemite,Electric,Steel,0.3,6,325,25,35,70,95,55,45
Magneton,Electric,Steel,1,60,465,50,60,95,120,70,70
Farfetch'd,Normal,Flying,0.8,15,377,52,90,55,58,62,60
Galarian Farfetch'd,Fighting,,0.8,42,377,52,95,55,58,62,55
Doduo,Normal,Flying,1.4,39.2,310,35,85,45,35,35,75
Dodrio,Normal,Flying,1.8,85.2,470,60,110,70,60,60,110
Seel,Water,,1.1,90,325,65,45,55,45,70,45
Dewgong,Water,Ice,1.7,120,475,90,70,80,70,95,70
Grimer,Poison,,0.9,30,325,80,80,50,40,50,25
Alolan Grimer,Poison,Dark,0.7,42,325,80,80,50,40,50,25
Muk,Poison,,1.2,30,500,105,105,75,65,100,50
Alolan Muk,Poison,Dark,1,52,500,105,105,75,65,100,50
Shellder,Water,,0.3,4,305,30,65,100,45,25,40
Cloyster,Water,Ice,1.5,132.5,525,50,95,180,85,45,70
Gastly,Ghost,Poison,1.3,0.1,310,30,35,30,100,35,80
Haunter,Ghost,Poison,1.6,0.1,405,45,50,45,115,55,95
Gengar,Ghost,Poison,1.5,40.5,500,60,65,60,130,75,110
Mega Gengar,Ghost,Poison,1.4,40.5,600,60,65,80,170,95,130
Onix,Rock,Ground,8.8,210,385,35,45,160,30,45,70
Drowzee,Psychic,,1,32.4,328,60,48,45,43,90,42
Hypno,Psychic,,1.6,75.6,483,85,73,70,73,115,67
Krabby,Water,,0.4,6.5,325,30,105,90,25,25,50
Kingler,Water,,1.3,60,475,55,130,115,50,50,75
Voltorb,Electric,,0.5,10.4,330,40,30,50,55,55,100
Electrode,Electric,,1.2,66.6,490,60,50,70,80,80,150
Exeggcute,Grass,Psychic,0.4,2.5,325,60,40,80,60,45,40
Exeggutor,Grass,Psychic,2,120,530,95,95,85,125,75,55
Alolan Exeggutor,Grass,Dragon,10.9,415.6,530,95,105,85,125,75,45
Cubone,Ground,,0.4,6.5,320,50,50,95,40,50,35
Marowak,Ground,,1,45,425,60,80,110,50,80,45
Alolan Marowak,Fire,Ghost,1,34,425,60,80,110,50,80,45
Hitmonlee,Fighting,,1.5,49.8,455,50,120,53,35,110,87
Hitmonchan,Fighting,,1.4,50.2,455,50,105,79,35,110,76
Lickitung,Normal,,1.2,65.5,385,90,55,75,60,75,30
Koffing,Poison,,0.6,1,340,40,65,95,60,45,35
Weezing,Poison,,1.2,9.5,490,65,90,120,85,70,60
Galarian Weezing,Poison,Fairy,3,16,490,65,90,120,85,70,60
Rhyhorn,Ground,Rock,1,115,345,80,85,95,30,30,25
Rhydon,Ground,Rock,1.9,120,485,105,130,120,45,45,40
Chansey,Normal,,1.1,34.6,450,250,5,5,35,105,50
Tangela,Grass,,1,35,435,65,55,115,100,40,60
Kangaskhan,Normal,,2.2,80,490,105,95,80,40,80,90
Mega Kangaskhan,Normal,,2.2,100,590,105,125,100,60,100,100
Horsea,Water,,0.4,8,295,30,40,70,70,25,60
Seadra,Water,,1.2,25,440,55,65,95,95,45,85
Goldeen,Water,,0.6,15,320,45,67,60,35,50,63
Seaking,Water,,1.3,39,450,80,92,65,65,80,68
Staryu,Water,,0.8,34.5,340,30,45,55,70,55,85
Starmie,Water,Psychic,1.1,80,520,60,75,85,100,85,115
Mr. Mime,Psychic,Fairy,1.3,54.5,460,40,45,65,100,120,90
Galarian Mr. Mime,Psychic,Ice,1.4,56.8,460,50,65,65,90,90,100
Scyther,Bug,Flying,1.5,56,500,70,110,80,55,80,105
Jynx,Ice,Psychic,1.4,40.6,455,65,50,35,115,95,95
Electabuzz,Electric,,1.1,30,490,65,83,57,95,85,105
Magmar,Fire,,1.3,44.5,495,65,95,57,100,85,93
Pinsir,Bug,,1.5,55,500,65,125,100,55,70,85
Mega Pinsir,Bug,Flying,1.7,59,600,65,155,120,65,90,105
Tauros,Normal,,1.4,88.4,490,75,100,95,40,70,110
Magikarp,Water,,0.9,10,200,20,10,55,15,20,80
Gyarados,Water,Flying,6.5,235,540,95,125,79,60,100,81
Mega Gyarados,Water,Dark,6.5,305,640,95,155,109,70,130,81
Lapras,Water,Ice,2.5,220,535,130,85,80,85,95,60
Ditto,Normal,,0.3,4,288,48,48,48,48,48,48
Eevee,Normal,,0.3,6.5,325,55,55,50,45,65,55
Partner Eevee,Normal,,0.3,6.5,435,65,75,70,65,85,75
Vaporeon,Water,,1,29,525,130,65,60,110,95,65
Jolteon,Electric,,0.8,24.5,525,65,65,60,110,95,130
Flareon,Fire,,0.9,25,525,65,130,60,95,110,65
Porygon,Normal,,0.8,36.5,395,65,60,70,85,75,40
Omanyte,Rock,Water,0.4,7.5,355,35,40,100,90,55,35
Omastar,Rock,Water,1,35,495,70,60,125,115,70,55
Kabuto,Rock,Water,0.5,11.5,355,30,80,90,55,45,55
Kabutops,Rock,Water,1.3,40.5,495,60,115,105,65,70,80
Aerodactyl,Rock,Flying,1.8,59,515,80,105,65,60,75,130
Mega Aerodactyl,Rock,Flying,2.1,79,615,80,135,85,70,95,150
Snorlax,Normal,,2.1,460,540,160,110,65,65,110,30
Articuno,Ice,Flying,1.7,55.4,580,90,85,100,95,125,85
Galarian Articuno,Psychic,Flying,1.7,50.9,580,90,85,85,125,100,95
Zapdos,Electric,Flying,1.6,52.6,580,90,90,85,125,90,100
Galarian Zapdos,Fighting,Flying,1.6,58.2,580,90,125,90,85,90,100
Moltres,Fire,Flying,2,60,580,90,100,90,125,85,90
Galarian Moltres,Dark,Flying,2,66,580,90,85,90,100,125,90
Dratini,Dragon,,1.8,3.3,300,41,64,45,50,50,50
Dragonair,Dragon,,4,16.5,420,61,84,65,70,70,70
Dragonite,Dragon,Flying,2.2,210,600,91,134,95,100,100,80
Mewtwo,Psychic,,2,122,680,106,110,90,154,90,130
Mega Mewtwo X,Psychic,Fighting,2.3,127,780,106,190,100,154,100,130
Mega Mewtwo Y,Psychic,,1.5,33,780,106,150,70,194,120,140
Mew,Psychic,,0.4,4,600,100,100,100,100,100,100
Chikorita,Grass,,0.9,6.4,318,45,49,65,49,65,45
Bayleef,Grass,,1.2,15.8,405,60,62,80,63,80,60
Meganium,Grass,,1.8,100.5,525,80,82,100,83,100,80
Cyndaquil,Fire,,0.5,7.9,309,39,52,43,60,50,65
Quilava,Fire,,0.9,19,405,58,64,58,80,65,80
Typhlosion,Fire,,1.7,79.5,534,78,84,78,109,85,100
Totodile,Water,,0.6,9.5,314,50,65,64,44,48,43
Croconaw,Water,,1.1,25,405,65,80,80,59,63,58
Feraligatr,Water,,2.3,88.8,530,85,105,100,79,83,78
Sentret,Normal,,0.8,6,215,35,46,34,35,45,20
Furret,Normal,,1.8,32.5,415,85,76,64,45,55,90
Hoothoot,Normal,Flying,0.7,21.2,262,60,30,30,36,56,50
Noctowl,Normal,Flying,1.6,40.8,452,100,50,50,86,96,70
Ledyba,Bug,Flying,1,10.8,265,40,20,30,40,80,55
Ledian,Bug,Flying,1.4,35.6,390,55,35,50,55,110,85
Spinarak,Bug,Poison,0.5,8.5,250,40,60,40,40,40,30
Ariados,Bug,Poison,1.1,33.5,400,70,90,70,60,70,40
Crobat,Poison,Flying,1.8,75,535,85,90,80,70,80,130
Chinchou,Water,Electric,0.5,12,330,75,38,38,56,56,67
Lanturn,Water,Electric,1.2,22.5,460,125,58,58,76,76,67
Pichu,Electric,,0.3,2,205,20,40,15,35,35,60
Cleffa,Fairy,,0.3,3,218,50,25,28,45,55,15
Igglybuff,Normal,Fairy,0.3,1,210,90,30,15,40,20,15
Togepi,Fairy,,0.3,1.5,245,35,20,65,40,65,20
Togetic,Fairy,Flying,0.6,3.2,405,55,40,85,80,105,40
Natu,Psychic,Flying,0.2,2,320,40,50,45,70,45,70
Xatu,Psychic,Flying,1.5,15,470,65,75,70,95,70,95
Mareep,Electric,,0.6,7.8,280,55,40,40,65,45,35
Flaaffy,Electric,,0.8,13.3,365,70,55,55,80,60,45
Ampharos,Electric,,1.4,61.5,510,90,75,85,115,90,55
Mega Ampharos,Electric,Dragon,1.4,61.5,610,90,95,105,165,110,45
Bellossom,Grass,,0.4,5.8,490,75,80,95,90,100,50
Marill,Water,Fairy,0.4,8.5,250,70,20,50,20,50,40
Azumarill,Water,Fairy,0.8,28.5,420,100,50,80,60,80,50
Sudowoodo,Rock,,1.2,38,410,70,100,115,30,65,30
Politoed,Water,,1.1,33.9,500,90,75,75,90,100,70
Hoppip,Grass,Flying,0.4,0.5,250,35,35,40,35,55,50
Skiploom,Grass,Flying,0.6,1,340,55,45,50,45,65,80
Jumpluff,Grass,Flying,0.8,3,460,75,55,70,55,95,110
Aipom,Normal,,0.8,11.5,360,55,70,55,40,55,85
Sunkern,Grass,,0.3,1.8,180,30,30,30,30,30,30
Sunflora,Grass,,0.8,8.5,425,75,75,55,105,85,30
Yanma,Bug,Flying,1.2,38,390,65,65,45,75,45,95
Wooper,Water,Ground,0.4,8.5,210,55,45,45,25,25,15
Quagsire,Water,Ground,1.4,75,430,95,85,85,65,65,35
Espeon,Psychic,,0.9,26.5,525,65,65,60,130,95,110
Umbreon,Dark,,1,27,525,95,65,110,60,130,65
Murkrow,Dark,Flying,0.5,2.1,405,60,85,42,85,42,91
Slowking,Water,Psychic,2,79.5,490,95,75,80,100,110,30
Galarian Slowking,Poison,Psychic,1.8,79.5,490,95,65,80,110,110,30
Misdreavus,Ghost,,0.7,1,435,60,60,60,85,85,85
Unown,Psychic,,0.5,5,336,48,72,48,72,48,48
Wobbuffet,Psychic,,1.3,28.5,405,190,33,58,33,58,33
Girafarig,Normal,Psychic,1.5,41.5,455,70,80,65,90,65,85
Pineco,Bug,,0.6,7.2,290,50,65,90,35,35,15
Forretress,Bug,Steel,1.2,125.8,465,75,90,140,60,60,40
Dunsparce,Normal,,1.5,14,415,100,70,70,65,65,45
Gligar,Ground,Flying,1.1,64.8,430,65,75,105,35,65,85
Steelix,Steel,Ground,9.2,400,510,75,85,200,55,65,30
Mega Steelix,Steel,Ground,10.5,740,610,75,125,230,55,95,30
Snubbull,Fairy,,0.6,7.8,300,60,80,50,40,40,30
Granbull,Fairy,,1.4,48.7,450,90,120,75,60,60,45
Qwilfish,Water,Poison,0.5,3.9,440,65,95,85,55,55,85
Scizor,Bug,Steel,1.8,118,500,70,130,100,55,80,65
Mega Scizor,Bug,Steel,2,125,600,70,150,140,65,100,75
Shuckle,Bug,Rock,0.6,20.5,505,20,10,230,10,230,5
Heracross,Bug,Fighting,1.5,54,500,80,125,75,40,95,85
Mega Heracross,Bug,Fighting,1.7,62.5,600,80,185,115,40,105,75
Sneasel,Dark,Ice,0.9,28,430,55,95,55,35,75,115
Teddiursa,Normal,,0.6,8.8,330,60,80,50,50,50,40
Ursaring,Normal,,1.8,125.8,500,90,130,75,75,75,55
Slugma,Fire,,0.7,35,250,40,40,40,70,40,20
Magcargo,Fire,Rock,0.8,55,430,60,50,120,90,80,30
Swinub,Ice,Ground,0.4,6.5,250,50,50,40,30,30,50
Piloswine,Ice,Ground,1.1,55.8,450,100,100,80,60,60,50
Corsola,Water,Rock,0.6,5,410,65,55,95,65,95,35
Galarian Corsola,Ghost,,0.6,0.5,410,60,55,100,65,100,30
Remoraid,Water,,0.6,12,300,35,65,35,65,35,65
Octillery,Water,,0.9,28.5,480,75,105,75,105,75,45
Delibird,Ice,Flying,0.9,16,330,45,55,45,65,45,75
Mantine,Water,Flying,2.1,220,485,85,40,70,80,140,70
Skarmory,Steel,Flying,1.7,50.5,465,65,80,140,40,70,70
Houndour,Dark,Fire,0.6,10.8,330,45,60,30,80,50,65
Houndoom,Dark,Fire,1.4,35,500,75,90,50,110,80,95
Mega Houndoom,Dark,Fire,1.9,49.5,600,75,90,90,140,90,115
Kingdra,Water,Dragon,1.8,152,540,75,95,95,95,95,85
Phanpy,Ground,,0.5,33.5,330,90,60,60,40,40,40
Donphan,Ground,,1.1,120,500,90,120,120,60,60,50
Porygon2,Normal,,0.6,32.5,515,85,80,90,105,95,60
Stantler,Normal,,1.4,71.2,465,73,95,62,85,65,85
Smeargle,Normal,,1.2,58,250,55,20,35,20,45,75
Tyrogue,Fighting,,0.7,21,210,35,35,35,35,35,35
Hitmontop,Fighting,,1.4,48,455,50,95,95,35,110,70
Smoochum,Ice,Psychic,0.4,6,305,45,30,15,85,65,65
Elekid,Electric,,0.6,23.5,360,45,63,37,65,55,95
Magby,Fire,,0.7,21.4,365,45,75,37,70,55,83
Miltank,Normal,,1.2,75.5,490,95,80,105,40,70,100
Blissey,Normal,,1.5,46.8,540,255,10,10,75,135,55
Raikou,Electric,,1.9,178,580,90,85,75,115,100,115
Entei,Fire,,2.1,198,580,115,115,85,90,75,100
Suicune,Water,,2,187,580,100,75,115,90,115,85
Larvitar,Rock,Ground,0.6,72,300,50,64,50,45,50,41
Pupitar,Rock,Ground,1.2,152,410,70,84,70,65,70,51
Tyranitar,Rock,Dark,2,202,600,100,134,110,95,100,61
Mega Tyranitar,Rock,Dark,2.5,255,700,100,164,150,95,120,71
Lugia,Psychic,Flying,5.2,216,680,106,90,130,90,154,110
Ho-oh,Fire,Flying,3.8,199,680,106,130,90,110,154,90
Celebi,Psychic,Grass,0.6,5,600,100,100,100,100,100,100
Treecko,Grass,,0.5,5,310,40,45,35,65,55,70
Grovyle,Grass,,0.9,21.6,405,50,65,45,85,65,95
Sceptile,Grass,,1.7,52.2,530,70,85,65,105,85,120
Mega Sceptile,Grass,Dragon,1.9,55.2,630,70,110,75,145,85,145
Torchic,Fire,,0.4,2.5,310,45,60,40,70,50,45
Combusken,Fire,Fighting,0.9,19.5,405,60,85,60,85,60,55
Blaziken,Fire,Fighting,1.9,52,530,80,120,70,110,70,80
Mega Blaziken,Fire,Fighting,1.9,52,630,80,160,80,130,80,100
Mudkip,Water,,0.4,7.6,310,50,70,50,50,50,40
Marshtomp,Water,Ground,0.7,28,405,70,85,70,60,70,50
Swampert,Water,Ground,1.5,81.9,535,100,110,90,85,90,60
Mega Swampert,Water,Ground,1.9,102,635,100,150,110,95,110,70
Poochyena,Dark,,0.5,13.6,220,35,55,35,30,30,35
Mightyena,Dark,,1,37,420,70,90,70,60,60,70
Zigzagoon,Normal,,0.4,17.5,240,38,30,41,30,41,60
Galarian Zigzagoon,Dark,Normal,0.4,17.5,240,38,30,41,30,41,60
Linoone,Normal,,0.5,32.5,420,78,70,61,50,61,100
Galarian Linoone,Dark,Normal,0.5,32.5,420,78,70,61,50,61,100
Wurmple,Bug,,0.3,3.6,195,45,45,35,20,30,20
Silcoon,Bug,,0.6,10,205,50,35,55,25,25,15
Beautifly,Bug,Flying,1,28.4,395,60,70,50,100,50,65
Cascoon,Bug,,0.7,11.5,205,50,35,55,25,25,15
Dustox,Bug,Poison,1.2,31.6,385,60,50,70,50,90,65
Lotad,Water,Grass,0.5,2.6,220,40,30,30,40,50,30
Lombre,Water,Grass,1.2,32.5,340,60,50,50,60,70,50
Ludicolo,Water,Grass,1.5,55,480,80,70,70,90,100,70
Seedot,Grass,,0.5,4,220,40,40,50,30,30,30
Nuzleaf,Grass,Dark,1,28,340,70,70,40,60,40,60
Shiftry,Grass,Dark,1.3,59.6,480,90,100,60,90,60,80
Taillow,Normal,Flying,0.3,2.3,270,40,55,30,30,30,85
Swellow,Normal,Flying,0.7,19.8,455,60,85,60,75,50,125
Wingull,Water,Flying,0.6,9.5,270,40,30,30,55,30,85
Pelipper,Water,Flying,1.2,28,440,60,50,100,95,70,65
Ralts,Psychic,Fairy,0.4,6.6,198,28,25,25,45,35,40
Kirlia,Psychic,Fairy,0.8,20.2,278,38,35,35,65,55,50
Gardevoir,Psychic,Fairy,1.6,48.4,518,68,65,65,125,115,80
Mega Gardevoir,Psychic,Fairy,1.6,48.4,618,68,85,65,165,135,100
Surskit,Bug,Water,0.5,1.7,269,40,30,32,50,52,65
Masquerain,Bug,Flying,0.8,3.6,454,70,60,62,100,82,80
Shroomish,Grass,,0.4,4.5,295,60,40,60,40,60,35
Breloom,Grass,Fighting,1.2,39.2,460,60,130,80,60,60,70
Slakoth,Normal,,0.8,24,280,60,60,60,35,35,30
Vigoroth,Normal,,1.4,46.5,440,80,80,80,55,55,90
Slaking,Normal,,2,130.5,670,150,160,100,95,65,100
Nincada,Bug,Ground,0.5,5.5,266,31,45,90,30,30,40
Ninjask,Bug,Flying,0.8,12,456,61,90,45,50,50,160
Shedinja,Bug,Ghost,0.8,1.2,236,1,90,45,30,30,40
Whismur,Normal,,0.6,16.3,240,64,51,23,51,23,28
Loudred,Normal,,1,40.5,360,84,71,43,71,43,48
Exploud,Normal,,1.5,84,490,104,91,63,91,73,68
Makuhita,Fighting,,1,86.4,237,72,60,30,20,30,25
Hariyama,Fighting,,2.3,253.8,474,144,120,60,40,60,50
Azurill,Normal,Fairy,0.2,2,190,50,20,40,20,40,20
Nosepass,Rock,,1,97,375,30,45,135,45,90,30
Skitty,Normal,,0.6,11,260,50,45,45,35,35,50
Delcatty,Normal,,1.1,32.6,400,70,65,65,55,55,90
Sableye,Dark,Ghost,0.5,11,380,50,75,75,65,65,50
Mega Sableye,Dark,Ghost,0.5,161,480,50,85,125,85,115,20
Mawile,Steel,Fairy,0.6,11.5,380,50,85,85,55,55,50
Mega Mawile,Steel,Fairy,1,23.5,480,50,105,125,55,95,50
Aron,Steel,Rock,0.4,60,330,50,70,100,40,40,30
Lairon,Steel,Rock,0.9,120,430,60,90,140,50,50,40
Aggron,Steel,Rock,2.1,360,530,70,110,180,60,60,50
Mega Aggron,Steel,,2.2,395,630,70,140,230,60,80,50
Meditite,Fighting,Psychic,0.6,11.2,280,30,40,55,40,55,60
Medicham,Fighting,Psychic,1.3,31.5,410,60,60,75,60,75,80
Mega Medicham,Fighting,Psychic,1.3,31.5,510,60,100,85,80,85,100
Electrike,Electric,,0.6,15.2,295,40,45,40,65,40,65
Manectric,Electric,,1.5,40.2,475,70,75,60,105,60,105
Mega Manectric,Electric,,1.8,44,575,70,75,80,135,80,135
Plusle,Electric,,0.4,4.2,405,60,50,40,85,75,95
Minun,Electric,,0.4,4.2,405,60,40,50,75,85,95
Volbeat,Bug,,0.7,17.7,430,65,73,75,47,85,85
Illumise,Bug,,0.6,17.7,430,65,47,75,73,85,85
Roselia,Grass,Poison,0.3,2,400,50,60,45,100,80,65
Gulpin,Poison,,0.4,10.3,302,70,43,53,43,53,40
Swalot,Poison,,1.7,80,467,100,73,83,73,83,55
Carvanha,Water,Dark,0.8,20.8,305,45,90,20,65,20,65
Sharpedo,Water,Dark,1.8,88.8,460,70,120,40,95,40,95
Mega Sharpedo,Water,Dark,2.5,130.3,560,70,140,70,110,65,105
Wailmer,Water,,2,130,400,130,70,35,70,35,60
Wailord,Water,,14.5,398,500,170,90,45,90,45,60
Numel,Fire,Ground,0.7,24,305,60,60,40,65,45,35
Camerupt,Fire,Ground,1.9,220,460,70,100,70,105,75,40
Mega Camerupt,Fire,Ground,2.5,320.5,560,70,120,100,145,105,20
Torkoal,Fire,,0.5,80.4,470,70,85,140,85,70,20
Spoink,Psychic,,0.7,30.6,330,60,25,35,70,80,60
Grumpig,Psychic,,0.9,71.5,470,80,45,65,90,110,80
Spinda,Normal,,1.1,5,360,60,60,60,60,60,60
Trapinch,Ground,,0.7,15,290,45,100,45,45,45,10
Vibrava,Ground,Dragon,1.1,15.3,340,50,70,50,50,50,70
Flygon,Ground,Dragon,2,82,520,80,100,80,80,80,100
Cacnea,Grass,,0.4,51.3,335,50,85,40,85,40,35
Cacturne,Grass,Dark,1.3,77.4,475,70,115,60,115,60,55
Swablu,Normal,Flying,0.4,1.2,310,45,40,60,40,75,50
Altaria,Dragon,Flying,1.1,20.6,490,75,70,90,70,105,80
Mega Altaria,Dragon,Fairy,1.5,20.6,590,75,110,110,110,105,80
Zangoose,Normal,,1.3,40.3,458,73,115,60,60,60,90
Seviper,Poison,,2.7,52.5,458,73,100,60,100,60,65
Lunatone,Rock,Psychic,1,168,460,90,55,65,95,85,70
Solrock,Rock,Psychic,1.2,154,460,90,95,85,55,65,70
Barboach,Water,Ground,0.4,1.9,288,50,48,43,46,41,60
Whiscash,Water,Ground,0.9,23.6,468,110,78,73,76,71,60
Corphish,Water,,0.6,11.5,308,43,80,65,50,35,35
Crawdaunt,Water,Dark,1.1,32.8,468,63,120,85,90,55,55
Baltoy,Ground,Psychic,0.5,21.5,300,40,40,55,40,70,55
Claydol,Ground,Psychic,1.5,108,500,60,70,105,70,120,75
Lileep,Rock,Grass,1,23.8,355,66,41,77,61,87,23
Cradily,Rock,Grass,1.5,60.4,495,86,81,97,81,107,43
Anorith,Rock,Bug,0.7,12.5,355,45,95,50,40,50,75
Armaldo,Rock,Bug,1.5,68.2,495,75,125,100,70,80,45
Feebas,Water,,0.6,7.4,200,20,15,20,10,55,80
Milotic,Water,,6.2,162,540,95,60,79,100,125,81
Castform,Normal,,0.3,0.8,420,70,70,70,70,70,70
Castform Sunny Form,Fire,,0.3,0.8,420,70,70,70,70,70,70
Castform Rainy Form,Water,,0.3,0.8,420,70,70,70,70,70,70
Castform Snowy Form,Ice,,0.3,0.8,420,70,70,70,70,70,70
Kecleon,Normal,,1,22,440,60,90,70,60,120,40
Shuppet,Ghost,,0.6,2.3,295,44,75,35,63,33,45
Banette,Ghost,,1.1,12.5,455,64,115,65,83,63,65
Mega Banette,Ghost,,1.2,13,555,64,165,75,93,83,75
Duskull,Ghost,,0.8,15,295,20,40,90,30,90,25
Dusclops,Ghost,,1.6,30.6,455,40,70,130,60,130,25
Tropius,Grass,Flying,2,100,460,99,68,83,72,87,51
Chimecho,Psychic,,0.6,1,455,75,50,80,95,90,65
Absol,Dark,,1.2,47,465,65,130,60,75,60,75
Mega Absol,Dark,,1.2,49,565,65,150,60,115,60,115
Wynaut,Psychic,,0.6,14,260,95,23,48,23,48,23
Snorunt,Ice,,0.7,16.8,300,50,50,50,50,50,50
Glalie,Ice,,1.5,256.5,480,80,80,80,80,80,80
Mega Glalie,Ice,,2.1,350.2,580,80,120,80,120,80,100
Spheal,Ice,Water,0.8,39.5,290,70,40,50,55,50,25
Sealeo,Ice,Water,1.1,87.6,410,90,60,70,75,70,45
Walrein,Ice,Water,1.4,150.6,530,110,80,90,95,90,65
Clamperl,Water,,0.4,52.5,345,35,64,85,74,55,32
Huntail,Water,,1.7,27,485,55,104,105,94,75,52
Gorebyss,Water,,1.8,22.6,485,55,84,105,114,75,52
Relicanth,Water,Rock,1,23.4,485,100,90,130,45,65,55
Luvdisc,Water,,0.6,8.7,330,43,30,55,40,65,97
Bagon,Dragon,,0.6,42.1,300,45,75,60,40,30,50
Shelgon,Dragon,,1.1,110.5,420,65,95,100,60,50,50
Salamence,Dragon,Flying,1.5,102.6,600,95,135,80,110,80,100
Mega Salamence,Dragon,Flying,1.8,112.6,700,95,145,130,120,90,120
Beldum,Steel,Psychic,0.6,95.2,300,40,55,80,35,60,30
Metang,Steel,Psychic,1.2,202.5,420,60,75,100,55,80,50
Metagross,Steel,Psychic,1.6,550,600,80,135,130,95,90,70
Mega Metagross,Steel,Psychic,2.5,942.9,700,80,145,150,105,110,110
Regirock,Rock,,1.7,230,580,80,100,200,50,100,50
Regice,Ice,,1.8,175,580,80,50,100,100,200,50
Registeel,Steel,,1.9,205,580,80,75,150,75,150,50
Latias,Dragon,Psychic,1.4,40,600,80,80,90,110,130,110
Mega Latias,Dragon,Psychic,1.8,52,700,80,100,120,140,150,110
Latios,Dragon,Psychic,2,60,600,80,90,80,130,110,110
Mega Latios,Dragon,Psychic,2.3,70,700,80,130,100,160,120,110
Kyogre,Water,,4.5,352,670,100,100,90,150,140,90
Primal Kyogre,Water,,9.8,430,770,100,150,90,180,160,90
Groudon,Ground,,3.5,950,670,100,150,140,100,90,90
Primal Groudon,Ground,Fire,5,999.7,770,100,180,160,150,90,90
Rayquaza,Dragon,Flying,7,206.5,680,105,150,90,150,90,95
Mega Rayquaza,Dragon,Flying,10.8,392,780,105,180,100,180,100,115
Jirachi,Steel,Psychic,0.3,1.1,600,100,100,100,100,100,100
Deoxys Normal Forme,Psychic,,1.7,60.8,600,50,150,50,150,50,150
Deoxys Attack Forme,Psychic,,1.7,60.8,600,50,180,20,180,20,150
Deoxys Defense Forme,Psychic,,1.7,60.8,600,50,70,160,70,160,90
Deoxys Speed Forme,Psychic,,1.7,60.8,600,50,95,90,95,90,180
Turtwig,Grass,,0.4,10.2,318,55,68,64,45,55,31
Grotle,Grass,,1.1,97,405,75,89,85,55,65,36
Torterra,Grass,Ground,2.2,310,525,95,109,105,75,85,56
Chimchar,Fire,,0.5,6.2,309,44,58,44,58,44,61
Monferno,Fire,Fighting,0.9,22,405,64,78,52,78,52,81
Infernape,Fire,Fighting,1.2,55,534,76,104,71,104,71,108
Piplup,Water,,0.4,5.2,314,53,51,53,61,56,40
Prinplup,Water,,0.8,23,405,64,66,68,81,76,50
Empoleon,Water,Steel,1.7,84.5,530,84,86,88,111,101,60
Starly,Normal,Flying,0.3,2,245,40,55,30,30,30,60
Staravia,Normal,Flying,0.6,15.5,340,55,75,50,40,40,80
Staraptor,Normal,Flying,1.2,24.9,485,85,120,70,50,60,100
Bidoof,Normal,,0.5,20,250,59,45,40,35,40,31
Bibarel,Normal,Water,1,31.5,410,79,85,60,55,60,71
Kricketot,Bug,,0.3,2.2,194,37,25,41,25,41,25
Kricketune,Bug,,1,25.5,384,77,85,51,55,51,65
Shinx,Electric,,0.5,9.5,263,45,65,34,40,34,45
Luxio,Electric,,0.9,30.5,363,60,85,49,60,49,60
Luxray,Electric,,1.4,42,523,80,120,79,95,79,70
Budew,Grass,Poison,0.2,1.2,280,40,30,35,50,70,55
Roserade,Grass,Poison,0.9,14.5,515,60,70,65,125,105,90
Cranidos,Rock,,0.9,31.5,350,67,125,40,30,30,58
Rampardos,Rock,,1.6,102.5,495,97,165,60,65,50,58
Shieldon,Rock,Steel,0.5,57,350,30,42,118,42,88,30
Bastiodon,Rock,Steel,1.3,149.5,495,60,52,168,47,138,30
Burmy,Bug,,0.2,3.4,224,40,29,45,29,45,36
Wormadam Plant Cloak,Bug,Grass,0.5,6.5,424,60,59,85,79,105,36
Wormadam Sandy Cloak,Bug,Ground,0.5,6.5,424,60,79,105,59,85,36
Wormadam Trash Cloak,Bug,Steel,0.5,6.5,424,60,69,95,69,95,36
Mothim,Bug,Flying,0.9,23.3,424,70,94,50,94,50,66
Combee,Bug,Flying,0.3,5.5,244,30,30,42,30,42,70
Vespiquen,Bug,Flying,1.2,38.5,474,70,80,102,80,102,40
Pachirisu,Electric,,0.4,3.9,405,60,45,70,45,90,95
Buizel,Water,,0.7,29.5,330,55,65,35,60,30,85
Floatzel,Water,,1.1,33.5,495,85,105,55,85,50,115
Cherubi,Grass,,0.4,3.3,275,45,35,45,62,53,35
Cherrim,Grass,,0.5,9.3,450,70,60,70,87,78,85
Shellos,Water,,0.3,6.3,325,76,48,48,57,62,34
Gastrodon,Water,Ground,0.9,29.9,475,111,83,68,92,82,39
Ambipom,Normal,,1.2,20.3,482,75,100,66,60,66,115
Drifloon,Ghost,Flying,0.4,1.2,348,90,50,34,60,44,70
Drifblim,Ghost,Flying,1.2,15,498,150,80,44,90,54,80
Buneary,Normal,,0.4,5.5,350,55,66,44,44,56,85
Lopunny,Normal,,1.2,33.3,480,65,76,84,54,96,105
Mega Lopunny,Normal,Fighting,1.3,28.3,580,65,136,94,54,96,135
Mismagius,Ghost,,0.9,4.4,495,60,60,60,105,105,105
Honchkrow,Dark,Flying,0.9,27.3,505,100,125,52,105,52,71
Glameow,Normal,,0.5,3.9,310,49,55,42,42,37,85
Purugly,Normal,,1,43.8,452,71,82,64,64,59,112
Chingling,Psychic,,0.2,0.6,285,45,30,50,65,50,45
Stunky,Poison,Dark,0.4,19.2,329,63,63,47,41,41,74
Skuntank,Poison,Dark,1,38,479,103,93,67,71,61,84
Bronzor,Steel,Psychic,0.5,60.5,300,57,24,86,24,86,23
Bronzong,Steel,Psychic,1.3,187,500,67,89,116,79,116,33
Bonsly,Rock,,0.5,15,290,50,80,95,10,45,10
Mime Jr.,Psychic,Fairy,0.6,13,310,20,25,45,70,90,60
Happiny,Normal,,0.6,24.4,220,100,5,5,15,65,30
Chatot,Normal,Flying,0.5,1.9,411,76,65,45,92,42,91
Spiritomb,Ghost,Dark,1,108,485,50,92,108,92,108,35
Gible,Dragon,Ground,0.7,20.5,300,58,70,45,40,45,42
Gabite,Dragon,Ground,1.4,56,410,68,90,65,50,55,82
Garchomp,Dragon,Ground,1.9,95,600,108,130,95,80,85,102
Mega Garchomp,Dragon,Ground,1.9,95,700,108,170,115,120,95,92
Munchlax,Normal,,0.6,105,390,135,85,40,40,85,5
Riolu,Fighting,,0.7,20.2,285,40,70,40,35,40,60
Lucario,Fighting,Steel,1.2,54,525,70,110,70,115,70,90
Mega Lucario,Fighting,Steel,1.3,57.5,625,70,145,88,140,70,112
Hippopotas,Ground,,0.8,49.5,330,68,72,78,38,42,32
Hippowdon,Ground,,2,300,525,108,112,118,68,72,47
Skorupi,Poison,Bug,0.8,12,330,40,50,90,30,55,65
Drapion,Poison,Dark,1.3,61.5,500,70,90,110,60,75,95
Croagunk,Poison,Fighting,0.7,23,300,48,61,40,61,40,50
Toxicroak,Poison,Fighting,1.3,44.4,490,83,106,65,86,65,85
Carnivine,Grass,,1.4,27,454,74,100,72,90,72,46
Finneon,Water,,0.4,7,330,49,49,56,49,61,66
Lumineon,Water,,1.2,24,460,69,69,76,69,86,91
Mantyke,Water,Flying,1,65,345,45,20,50,60,120,50
Snover,Grass,Ice,1,50.5,334,60,62,50,62,60,40
Abomasnow,Grass,Ice,2.2,135.5,494,90,92,75,92,85,60
Mega Abomasnow,Grass,Ice,2.7,185,594,90,132,105,132,105,30
Weavile,Dark,Ice,1.1,34,510,70,120,65,45,85,125
Magnezone,Electric,Steel,1.2,180,535,70,70,115,130,90,60
Lickilicky,Normal,,1.7,140,515,110,85,95,80,95,50
Rhyperior,Ground,Rock,2.4,282.8,535,115,140,130,55,55,40
Tangrowth,Grass,,2,128.6,535,100,100,125,110,50,50
Electivire,Electric,,1.8,138.6,540,75,123,67,95,85,95
Magmortar,Fire,,1.6,68,540,75,95,67,125,95,83
Togekiss,Fairy,Flying,1.5,38,545,85,50,95,120,115,80
Yanmega,Bug,Flying,1.9,51.5,515,86,76,86,116,56,95
Leafeon,Grass,,1,25.5,525,65,110,130,60,65,95
Glaceon,Ice,,0.8,25.9,525,65,60,110,130,95,65
Gliscor,Ground,Flying,2,42.5,510,75,95,125,45,75,95
Mamoswine,Ice,Ground,2.5,291,530,110,130,80,70,60,80
Porygon-Z,Normal,,0.9,34,535,85,80,70,135,75,90
Gallade,Psychic,Fighting,1.6,52,518,68,125,65,65,115,80
Mega Gallade,Psychic,Fighting,1.6,56.4,618,68,165,95,65,115,110
Probopass,Rock,Steel,1.4,340,525,60,55,145,75,150,40
Dusknoir,Ghost,,2.2,106.6,525,45,100,135,65,135,45
Froslass,Ice,Ghost,1.3,26.6,480,70,80,70,80,70,110
Rotom,Electric,Ghost,0.3,0.3,440,50,50,77,95,77,91
Heat Rotom,Electric,Fire,0.3,0.3,520,50,65,107,105,107,86
Wash Rotom,Electric,Water,0.3,0.3,520,50,65,107,105,107,86
Frost Rotom,Electric,Ice,0.3,0.3,520,50,65,107,105,107,86
Fan Rotom,Electric,Flying,0.3,0.3,520,50,65,107,105,107,86
Mow Rotom,Electric,Grass,0.3,0.3,520,50,65,107,105,107,86
Uxie,Psychic,,0.3,0.3,580,75,75,130,75,130,95
Mesprit,Psychic,,0.3,0.3,580,80,105,105,105,105,80
Azelf,Psychic,,0.3,0.3,580,75,125,70,125,70,115
Dialga,Steel,Dragon,5.4,683,680,100,120,120,150,100,90
Palkia,Water,Dragon,4.2,336,680,90,120,100,150,120,100
Heatran,Fire,Steel,1.7,430,600,91,90,106,130,106,77
Regigigas,Normal,,3.7,420,670,110,160,110,80,110,100
Giratina Altered Forme,Ghost,Dragon,4.5,750,680,150,100,120,100,120,90
Giratina Origin Forme,Ghost,Dragon,6.9,650,680,150,120,100,120,100,90
Cresselia,Psychic,,1.5,85.6,600,120,70,120,75,130,85
Phione,Water,,0.4,3.1,480,80,80,80,80,80,80
Manaphy,Water,,0.3,1.4,600,100,100,100,100,100,100
Darkrai,Dark,,1.5,50.5,600,70,90,90,135,90,125
Shaymin Land Forme,Grass,,0.2,2.1,600,100,100,100,100,100,100
Shaymin Sky Forme,Grass,Flying,0.4,5.2,600,100,103,75,120,75,127
Arceus,Normal,,3.2,320,720,120,120,120,120,120,120
Victini,Psychic,Fire,0.4,4,600,100,100,100,100,100,100
Snivy,Grass,,0.6,8.1,308,45,45,55,45,55,63
Servine,Grass,,0.8,16,413,60,60,75,60,75,83
Serperior,Grass,,3.3,63,528,75,75,95,75,95,113
Tepig,Fire,,0.5,9.9,308,65,63,45,45,45,45
Pignite,Fire,Fighting,1,55.5,418,90,93,55,70,55,55
Emboar,Fire,Fighting,1.6,150,528,110,123,65,100,65,65
Oshawott,Water,,0.5,5.9,308,55,55,45,63,45,45
Dewott,Water,,0.8,24.5,413,75,75,60,83,60,60
Samurott,Water,,1.5,94.6,528,95,100,85,108,70,70
Patrat,Normal,,0.5,11.6,255,45,55,39,35,39,42
Watchog,Normal,,1.1,27,420,60,85,69,60,69,77
Lillipup,Normal,,0.4,4.1,275,45,60,45,25,45,55
Herdier,Normal,,0.9,14.7,370,65,80,65,35,65,60
Stoutland,Normal,,1.2,61,500,85,110,90,45,90,80
Purrloin,Dark,,0.4,10.1,281,41,50,37,50,37,66
Liepard,Dark,,1.1,37.5,446,64,88,50,88,50,106
Pansage,Grass,,0.6,10.5,316,50,53,48,53,48,64
Simisage,Grass,,1.1,30.5,498,75,98,63,98,63,101
Pansear,Fire,,0.6,11,316,50,53,48,53,48,64
Simisear,Fire,,1,28,498,75,98,63,98,63,101
Panpour,Water,,0.6,13.5,316,50,53,48,53,48,64
Simipour,Water,,1,29,498,75,98,63,98,63,101
Munna,Psychic,,0.6,23.3,292,76,25,45,67,55,24
Musharna,Psychic,,1.1,60.5,487,116,55,85,107,95,29
Pidove,Normal,Flying,0.3,2.1,264,50,55,50,36,30,43
Tranquill,Normal,Flying,0.6,15,358,62,77,62,50,42,65
Unfezant,Normal,Flying,1.2,29,488,80,115,80,65,55,93
Blitzle,Electric,,0.8,29.8,295,45,60,32,50,32,76
Zebstrika,Electric,,1.6,79.5,497,75,100,63,80,63,116
Roggenrola,Rock,,0.4,18,280,55,75,85,25,25,15
Boldore,Rock,,0.9,102,390,70,105,105,50,40,20
Gigalith,Rock,,1.7,260,515,85,135,130,60,80,25
Woobat,Psychic,Flying,0.4,2.1,323,65,45,43,55,43,72
Swoobat,Psychic,Flying,0.9,10.5,425,67,57,55,77,55,114
Drilbur,Ground,,0.3,8.5,328,60,85,40,30,45,68
Excadrill,Ground,Steel,0.7,40.4,508,110,135,60,50,65,88
Audino,Normal,,1.1,31,445,103,60,86,60,86,50
Mega Audino,Normal,Fairy,1.5,32,545,103,60,126,80,126,50
Timburr,Fighting,,0.6,12.5,305,75,80,55,25,35,35
Gurdurr,Fighting,,1.2,40,405,85,105,85,40,50,40
Conkeldurr,Fighting,,1.4,87,505,105,140,95,55,65,45
Tympole,Water,,0.5,4.5,294,50,50,40,50,40,64
Palpitoad,Water,Ground,0.8,17,384,75,65,55,65,55,69
Seismitoad,Water,Ground,1.5,62,509,105,95,75,85,75,74
Throh,Fighting,,1.3,55.5,465,120,100,85,30,85,45
Sawk,Fighting,,1.4,51,465,75,125,75,30,75,85
Sewaddle,Bug,Grass,0.3,2.5,310,45,53,70,40,60,42
Swadloon,Bug,Grass,0.5,7.3,380,55,63,90,50,80,42
Leavanny,Bug,Grass,1.2,20.5,500,75,103,80,70,80,92
Venipede,Bug,Poison,0.4,5.3,260,30,45,59,30,39,57
Whirlipede,Bug,Poison,1.2,58.5,360,40,55,99,40,79,47
Scolipede,Bug,Poison,2.5,200.5,485,60,100,89,55,69,112
Cottonee,Grass,Fairy,0.3,0.6,280,40,27,60,37,50,66
Whimsicott,Grass,Fairy,0.7,6.6,480,60,67,85,77,75,116
Petilil,Grass,,0.5,6.6,280,45,35,50,70,50,30
Lilligant,Grass,,1.1,16.3,480,70,60,75,110,75,90
Basculin Red-Striped Form,Water,,1,18,460,70,92,65,80,55,98
Basculin Blue-Striped Form,Water,,1,18,460,70,92,65,80,55,98
Sandile,Ground,Dark,0.7,15.2,292,50,72,35,35,35,65
Krokorok,Ground,Dark,1,33.4,351,60,82,45,45,45,74
Krookodile,Ground,Dark,1.5,96.3,519,95,117,80,65,70,92
Darumaka,Fire,,0.6,37.5,315,70,90,45,15,45,50
Galarian Darumaka,Ice,,0.7,40,315,70,90,45,15,45,50
Darmanitan Standard Mode,Fire,,1.3,92.9,480,105,140,55,30,55,95
Darmanitan Zen Mode,Fire,Psychic,1.3,92.9,540,105,30,105,140,105,55
Galarian Darmanitan Standard Mode,Ice,,1.7,120,480,105,140,55,30,55,95
Galarian Darmanitan Zen Mode,Ice,Fire,1.7,120,540,105,160,55,30,55,135
Maractus,Grass,,1,28,461,75,86,67,106,67,60
Dwebble,Bug,Rock,0.3,14.5,325,50,65,85,35,35,55
Crustle,Bug,Rock,1.4,200,485,70,105,125,65,75,45
Scraggy,Dark,Fighting,0.6,11.8,348,50,75,70,35,70,48
Scrafty,Dark,Fighting,1.1,30,488,65,90,115,45,115,58
Sigilyph,Psychic,Flying,1.4,14,490,72,58,80,103,80,97
Yamask,Ghost,,0.5,1.5,303,38,30,85,55,65,30
Galarian Yamask,Ground,Ghost,0.5,1.5,303,38,55,85,30,65,30
Cofagrigus,Ghost,,1.7,76.5,483,58,50,145,95,105,30
Tirtouga,Water,Rock,0.7,16.5,355,54,78,103,53,45,22
Carracosta,Water,Rock,1.2,81,495,74,108,133,83,65,32
Archen,Rock,Flying,0.5,9.5,401,55,112,45,74,45,70
Archeops,Rock,Flying,1.4,32,567,75,140,65,112,65,110
Trubbish,Poison,,0.6,31,329,50,50,62,40,62,65
Garbodor,Poison,,1.9,107.3,474,80,95,82,60,82,75
Zorua,Dark,,0.7,12.5,330,40,65,40,80,40,65
Zoroark,Dark,,1.6,81.1,510,60,105,60,120,60,105
Minccino,Normal,,0.4,5.8,300,55,50,40,40,40,75
Cinccino,Normal,,0.5,7.5,470,75,95,60,65,60,115
Gothita,Psychic,,0.4,5.8,290,45,30,50,55,65,45
Gothorita,Psychic,,0.7,18,390,60,45,70,75,85,55
Gothitelle,Psychic,,1.5,44,490,70,55,95,95,110,65
Solosis,Psychic,,0.3,1,290,45,30,40,105,50,20
Duosion,Psychic,,0.6,8,370,65,40,50,125,60,30
Reuniclus,Psychic,,1,20.1,490,110,65,75,125,85,30
Ducklett,Water,Flying,0.5,5.5,305,62,44,50,44,50,55
Swanna,Water,Flying,1.3,24.2,473,75,87,63,87,63,98
Vanillite,Ice,,0.4,5.7,305,36,50,50,65,60,44
Vanillish,Ice,,1.1,41,395,51,65,65,80,75,59
Vanilluxe,Ice,,1.3,57.5,535,71,95,85,110,95,79
Deerling,Normal,Grass,0.6,19.5,335,60,60,50,40,50,75
Sawsbuck,Normal,Grass,1.9,92.5,475,80,100,70,60,70,95
Emolga,Electric,Flying,0.4,5,428,55,75,60,75,60,103
Karrablast,Bug,,0.5,5.9,315,50,75,45,40,45,60
Escavalier,Bug,Steel,1,33,495,70,135,105,60,105,20
Foongus,Grass,Poison,0.2,1,294,69,55,45,55,55,15
Amoonguss,Grass,Poison,0.6,10.5,464,114,85,70,85,80,30
Frillish,Water,Ghost,1.2,33,335,55,40,50,65,85,40
Jellicent,Water,Ghost,2.2,135,480,100,60,70,85,105,60
Alomomola,Water,,1.2,31.6,470,165,75,80,40,45,65
Joltik,Bug,Electric,0.1,0.6,319,50,47,50,57,50,65
Galvantula,Bug,Electric,0.8,14.3,472,70,77,60,97,60,108
Ferroseed,Grass,Steel,0.6,18.8,305,44,50,91,24,86,10
Ferrothorn,Grass,Steel,1,110,489,74,94,131,54,116,20
Klink,Steel,,0.3,21,300,40,55,70,45,60,30
Klang,Steel,,0.6,51,440,60,80,95,70,85,50
Klinklang,Steel,,0.6,81,520,60,100,115,70,85,90
Tynamo,Electric,,0.2,0.3,275,35,55,40,45,40,60
Eelektrik,Electric,,1.2,22,405,65,85,70,75,70,40
Eelektross,Electric,,2.1,80.5,515,85,115,80,105,80,50
Elgyem,Psychic,,0.5,9,335,55,55,55,85,55,30
Beheeyem,Psychic,,1,34.5,485,75,75,75,125,95,40
Litwick,Ghost,Fire,0.3,3.1,275,50,30,55,65,55,20
Lampent,Ghost,Fire,0.6,13,370,60,40,60,95,60,55
Chandelure,Ghost,Fire,1,34.3,520,60,55,90,145,90,80
Axew,Dragon,,0.6,18,320,46,87,60,30,40,57
Fraxure,Dragon,,1,36,410,66,117,70,40,50,67
Haxorus,Dragon,,1.8,105.5,540,76,147,90,60,70,97
Cubchoo,Ice,,0.5,8.5,305,55,70,40,60,40,40
Beartic,Ice,,2.6,260,505,95,130,80,70,80,50
Cryogonal,Ice,,1.1,148,515,80,50,50,95,135,105
Shelmet,Bug,,0.4,7.7,305,50,40,85,40,65,25
Accelgor,Bug,,0.8,25.3,495,80,70,40,100,60,145
Stunfisk,Ground,Electric,0.7,11,471,109,66,84,81,99,32
Galarian Stunfisk,Ground,Steel,0.7,20.5,471,109,81,99,66,84,32
Mienfoo,Fighting,,0.9,20,350,45,85,50,55,50,65
Mienshao,Fighting,,1.4,35.5,510,65,125,60,95,60,105
Druddigon,Dragon,,1.6,139,485,77,120,90,60,90,48
Golett,Ground,Ghost,1,92,303,59,74,50,35,50,35
Golurk,Ground,Ghost,2.8,330,483,89,124,80,55,80,55
Pawniard,Dark,Steel,0.5,10.2,340,45,85,70,40,40,60
Bisharp,Dark,Steel,1.6,70,490,65,125,100,60,70,70
Bouffalant,Normal,,1.6,94.6,490,95,110,95,40,95,55
Rufflet,Normal,Flying,0.5,10.5,350,70,83,50,37,50,60
Braviary,Normal,Flying,1.5,41,510,100,123,75,57,75,80
Vullaby,Dark,Flying,0.5,9,370,70,55,75,45,65,60
Mandibuzz,Dark,Flying,1.2,39.5,510,110,65,105,55,95,80
Heatmor,Fire,,1.4,58,484,85,97,66,105,66,65
Durant,Bug,Steel,0.3,33,484,58,109,112,48,48,109
Deino,Dark,Dragon,0.8,17.3,300,52,65,50,45,50,38
Zweilous,Dark,Dragon,1.4,50,420,72,85,70,65,70,58
Hydreigon,Dark,Dragon,1.8,160,600,92,105,90,125,90,98
Larvesta,Bug,Fire,1.1,28.8,360,55,85,55,50,55,60
Volcarona,Bug,Fire,1.6,46,550,85,60,65,135,105,100
Cobalion,Steel,Fighting,2.1,250,580,91,90,129,90,72,108
Terrakion,Rock,Fighting,1.9,260,580,91,129,90,72,90,108
Virizion,Grass,Fighting,2,200,580,91,90,72,90,129,108
Tornadus Incarnate Forme,Flying,,1.5,63,580,79,115,70,125,80,111
Tornadus Therian Forme,Flying,,1.4,63,580,79,100,80,110,90,121
Thundurus Incarnate Forme,Electric,Flying,1.5,61,580,79,115,70,125,80,111
Thundurus Therian Forme,Electric,Flying,3,61,580,79,105,70,145,80,101
Reshiram,Dragon,Fire,3.2,330,680,100,120,100,150,120,90
Zekrom,Dragon,Electric,2.9,345,680,100,150,120,120,100,90
Landorus Incarnate Forme,Ground,Flying,1.5,68,600,89,125,90,115,80,101
Landorus Therian Forme,Ground,Flying,1.3,68,600,89,145,90,105,80,91
Kyurem,Dragon,Ice,3,325,660,125,130,90,130,90,95
Black Kyurem,Dragon,Ice,3.3,325,700,125,170,100,120,90,95
White Kyurem,Dragon,Ice,3.6,325,700,125,120,90,170,100,95
Keldeo Ordinary Forme,Water,Fighting,1.4,48.5,580,91,72,90,129,90,108
Keldeo Resolute Forme,Water,Fighting,1.4,48.5,580,91,72,90,129,90,108
Meloetta Aria Forme,Normal,Psychic,0.6,6.5,600,100,77,77,128,128,90
Meloetta Pirouette Forme,Normal,Fighting,0.6,6.5,600,100,128,90,77,77,128
Genesect,Bug,Steel,1.5,82.5,600,71,120,95,120,95,99
Chespin,Grass,,0.4,9,313,56,61,65,48,45,38
Quilladin,Grass,,0.7,29,405,61,78,95,56,58,57
Chesnaught,Grass,Fighting,1.6,90,530,88,107,122,74,75,64
Fennekin,Fire,,0.4,9.4,307,40,45,40,62,60,60
Braixen,Fire,,1,14.5,409,59,59,58,90,70,73
Delphox,Fire,Psychic,1.5,39,534,75,69,72,114,100,104
Froakie,Water,,0.3,7,314,41,56,40,62,44,71
Frogadier,Water,,0.6,10.9,405,54,63,52,83,56,97
Greninja,Water,Dark,1.5,40,530,72,95,67,103,71,122
Ash-Greninja,Water,Dark,1.5,40,640,72,145,67,153,71,132
Bunnelby,Normal,,0.4,5,237,38,36,38,32,36,57
Diggersby,Normal,Ground,1,42.4,423,85,56,77,50,77,78
Fletchling,Normal,Flying,0.3,1.7,278,45,50,43,40,38,62
Fletchinder,Fire,Flying,0.7,16,382,62,73,55,56,52,84
Talonflame,Fire,Flying,1.2,24.5,499,78,81,71,74,69,126
Scatterbug,Bug,,0.3,2.5,200,38,35,40,27,25,35
Spewpa,Bug,,0.3,8.4,213,45,22,60,27,30,29
Vivillon,Bug,Flying,1.2,17,411,80,52,50,90,50,89
Litleo,Fire,Normal,0.6,13.5,369,62,50,58,73,54,72
Pyroar,Fire,Normal,1.5,81.5,507,86,68,72,109,66,106
Flabébé,Fairy,,0.1,0.1,303,44,38,39,61,79,42
Floette,Fairy,,0.2,0.9,371,54,45,47,75,98,52
Florges,Fairy,,1.1,10,552,78,65,68,112,154,75
Skiddo,Grass,,0.9,31,350,66,65,48,62,57,52
Gogoat,Grass,,1.7,91,531,123,100,62,97,81,68
Pancham,Fighting,,0.6,8,348,67,82,62,46,48,43
Pangoro,Fighting,Dark,2.1,136,495,95,124,78,69,71,58
Furfrou,Normal,,1.2,28,472,75,80,60,65,90,102
Espurr,Psychic,,0.3,3.5,355,62,48,54,63,60,68
Meowstic Male,Psychic,,0.6,8.5,466,74,48,76,83,81,104
Meowstic Female,Psychic,,0.6,8.5,466,74,48,76,83,81,104
Honedge,Steel,Ghost,0.8,2,325,45,80,100,35,37,28
Doublade,Steel,Ghost,0.8,4.5,448,59,110,150,45,49,35
Aegislash Blade Forme,Steel,Ghost,1.7,53,520,60,150,50,150,50,60
Aegislash Shield Forme,Steel,Ghost,1.7,53,520,60,50,150,50,150,60
Spritzee,Fairy,,0.2,0.5,341,78,52,60,63,65,23
Aromatisse,Fairy,,0.8,15.5,462,101,72,72,99,89,29
Swirlix,Fairy,,0.4,3.5,341,62,48,66,59,57,49
Slurpuff,Fairy,,0.8,5,480,82,80,86,85,75,72
Inkay,Dark,Psychic,0.4,3.5,288,53,54,53,37,46,45
Malamar,Dark,Psychic,1.5,47,482,86,92,88,68,75,73
Binacle,Rock,Water,0.5,31,306,42,52,67,39,56,50
Barbaracle,Rock,Water,1.3,96,500,72,105,115,54,86,68
Skrelp,Poison,Water,0.5,7.3,320,50,60,60,60,60,30
Dragalge,Poison,Dragon,1.8,81.5,494,65,75,90,97,123,44
Clauncher,Water,,0.5,8.3,330,50,53,62,58,63,44
Clawitzer,Water,,1.3,35.3,500,71,73,88,120,89,59
Helioptile,Electric,Normal,0.5,6,289,44,38,33,61,43,70
Heliolisk,Electric,Normal,1,21,481,62,55,52,109,94,109
Tyrunt,Rock,Dragon,0.8,26,362,58,89,77,45,45,48
Tyrantrum,Rock,Dragon,2.5,270,521,82,121,119,69,59,71
Amaura,Rock,Ice,1.3,25.2,362,77,59,50,67,63,46
Aurorus,Rock,Ice,2.7,225,521,123,77,72,99,92,58
Sylveon,Fairy,,1,23.5,525,95,65,65,110,130,60
Hawlucha,Fighting,Flying,0.8,21.5,500,78,92,75,74,63,118
Dedenne,Electric,Fairy,0.2,2.2,431,67,58,57,81,67,101
Carbink,Rock,Fairy,0.3,5.7,500,50,50,150,50,150,50
Goomy,Dragon,,0.3,2.8,300,45,50,35,55,75,40
Sliggoo,Dragon,,0.8,17.5,452,68,75,53,83,113,60
Goodra,Dragon,,2,150.5,600,90,100,70,110,150,80
Klefki,Steel,Fairy,0.2,3,470,57,80,91,80,87,75
Phantump,Ghost,Grass,0.4,7,309,43,70,48,50,60,38
Trevenant,Ghost,Grass,1.5,71,474,85,110,76,65,82,56
Pumpkaboo Average Size,Ghost,Grass,0.4,5,335,49,66,70,44,55,51
Pumpkaboo Small Size,Ghost,Grass,0.3,3.5,335,44,66,70,44,55,56
Pumpkaboo Large Size,Ghost,Grass,0.5,7.5,335,54,66,70,44,55,46
Pumpkaboo Super Size,Ghost,Grass,0.8,15,335,59,66,70,44,55,41
Gourgeist Average Size,Ghost,Grass,0.9,12.5,494,65,90,122,58,75,84
Gourgeist Small Size,Ghost,Grass,0.7,9.5,494,55,85,122,58,75,99
Gourgeist Large Size,Ghost,Grass,1.1,14,494,75,95,122,58,75,69
Gourgeist Super Size,Ghost,Grass,1.7,39,494,85,100,122,58,75,54
Bergmite,Ice,,1,99.5,304,55,69,85,32,35,28
Avalugg,Ice,,2,505,514,95,117,184,44,46,28
Noibat,Flying,Dragon,0.5,8,245,40,30,35,45,40,55
Noivern,Flying,Dragon,1.5,85,535,85,70,80,97,80,123
Xerneas,Fairy,,3,215,680,126,131,95,131,98,99
Yveltal,Dark,Flying,5.8,203,680,126,131,95,131,98,99
Zygarde 50% Forme,Dragon,Ground,5,305,600,108,100,121,81,95,95
Zygarde 10% Forme,Dragon,Ground,1.2,33.5,486,54,100,71,61,85,115
Zygarde Complete Forme,Dragon,Ground,4.5,610,708,216,100,121,91,95,85
Diancie,Rock,Fairy,0.7,8.8,600,50,100,150,100,150,50
Mega Diancie,Rock,Fairy,1.1,27.8,700,50,160,110,160,110,110
Hoopa Hoopa Confined,Psychic,Ghost,0.5,9,600,80,110,60,150,130,70
Hoopa Hoopa Unbound,Psychic,Dark,6.5,490,680,80,160,60,170,130,80
Volcanion,Fire,Water,1.7,195,600,80,110,120,130,90,70
Rowlet,Grass,Flying,0.3,1.5,320,68,55,55,50,50,42
Dartrix,Grass,Flying,0.7,16,420,78,75,75,70,70,52
Decidueye,Grass,Ghost,1.6,36.6,530,78,107,75,100,100,70
Litten,Fire,,0.4,4.3,320,45,65,40,60,40,70
Torracat,Fire,,0.7,25,420,65,85,50,80,50,90
Incineroar,Fire,Dark,1.8,83,530,95,115,90,80,90,60
Popplio,Water,,0.4,7.5,320,50,54,54,66,56,40
Brionne,Water,,0.6,17.5,420,60,69,69,91,81,50
Primarina,Water,Fairy,1.8,44,530,80,74,74,126,116,60
Pikipek,Normal,Flying,0.3,1.2,265,35,75,30,30,30,65
Trumbeak,Normal,Flying,0.6,14.8,355,55,85,50,40,50,75
Toucannon,Normal,Flying,1.1,26,485,80,120,75,75,75,60
Yungoos,Normal,,0.4,6,253,48,70,30,30,30,45
Gumshoos,Normal,,0.7,14.2,418,88,110,60,55,60,45
Grubbin,Bug,,0.4,4.4,300,47,62,45,55,45,46
Charjabug,Bug,Electric,0.5,10.5,400,57,82,95,55,75,36
Vikavolt,Bug,Electric,1.5,45,500,77,70,90,145,75,43
Crabrawler,Fighting,,0.6,7,338,47,82,57,42,47,63
Crabominable,Fighting,Ice,1.7,180,478,97,132,77,62,67,43
Oricorio Baile Style,Fire,Flying,0.6,3.4,476,75,70,70,98,70,93
Oricorio Pom-Pom Style,Electric,Flying,0.6,3.4,476,75,70,70,98,70,93
Oricorio Pa'u Style,Psychic,Flying,0.6,3.4,476,75,70,70,98,70,93
Oricorio Sensu Style,Ghost,Flying,0.6,3.4,476,75,70,70,98,70,93
Cutiefly,Bug,Fairy,0.1,0.2,304,40,45,40,55,40,84
Ribombee,Bug,Fairy,0.2,0.5,464,60,55,60,95,70,124
Rockruff,Rock,,0.5,9.2,280,45,65,40,30,40,60
Own Tempo Rockruff,Rock,,0.5,9.2,280,45,65,40,30,40,60
Lycanroc Midday Form,Rock,,0.8,25,487,75,115,65,55,65,112
Lycanroc Midnight Form,Rock,,1.1,25,487,85,115,75,55,75,82
Lycanroc Dusk Form,Rock,,0.8,25,487,75,117,65,55,65,110
Wishiwashi Solo Form,Water,,0.2,0.3,175,45,20,20,25,25,40
Wishiwashi School Form,Water,,8.2,78.6,620,45,140,130,140,135,30
Mareanie,Poison,Water,0.4,8,305,50,53,62,43,52,45
Toxapex,Poison,Water,0.7,14.5,495,50,63,152,53,142,35
Mudbray,Ground,,1,110,385,70,100,70,45,55,45
Mudsdale,Ground,,2.5,920,500,100,125,100,55,85,35
Dewpider,Water,Bug,0.3,4,269,38,40,52,40,72,27
Araquanid,Water,Bug,1.8,82,454,68,70,92,50,132,42
Fomantis,Grass,,0.3,1.5,250,40,55,35,50,35,35
Lurantis,Grass,,0.9,18.5,480,70,105,90,80,90,45
Morelull,Grass,Fairy,0.2,1.5,285,40,35,55,65,75,15
Shiinotic,Grass,Fairy,1,11.5,405,60,45,80,90,100,30
Salandit,Poison,Fire,0.6,4.8,320,48,44,40,71,40,77
Salazzle,Poison,Fire,1.2,22.2,480,68,64,60,111,60,117
Stufful,Normal,Fighting,0.5,6.8,340,70,75,50,45,50,50
Bewear,Normal,Fighting,2.1,135,500,120,125,80,55,60,60
Bounsweet,Grass,,0.3,3.2,210,42,30,38,30,38,32
Steenee,Grass,,0.7,8.2,290,52,40,48,40,48,62
Tsareena,Grass,,1.2,21.4,510,72,120,98,50,98,72
Comfey,Fairy,,0.1,0.3,485,51,52,90,82,110,100
Oranguru,Normal,Psychic,1.5,76,490,90,60,80,90,110,60
Passimian,Fighting,,2,82.8,490,100,120,90,40,60,80
Wimpod,Bug,Water,0.5,12,230,25,35,40,20,30,80
Golisopod,Bug,Water,2,108,530,75,125,140,60,90,40
Sandygast,Ghost,Ground,0.5,70,320,55,55,80,70,45,15
Palossand,Ghost,Ground,1.3,250,480,85,75,110,100,75,35
Pyukumuku,Water,,0.3,1.2,410,55,60,130,30,130,5
Type: Null,Normal,,1.9,120.5,534,95,95,95,95,95,59
Silvally,Normal,,2.3,100.5,570,95,95,95,95,95,95
Minior Meteor Form,Rock,Flying,0.3,40,440,60,60,100,60,100,60
Minior Core Form,Rock,Flying,0.3,0.3,500,60,100,60,100,60,120
Komala,Normal,,0.4,19.9,480,65,115,65,75,95,65
Turtonator,Fire,Dragon,2,212,485,60,78,135,91,85,36
Togedemaru,Electric,Steel,0.3,3.3,435,65,98,63,40,73,96
Mimikyu,Ghost,Fairy,0.2,0.7,476,55,90,80,50,105,96
Bruxish,Water,Psychic,0.9,19,475,68,105,70,70,70,92
Drampa,Normal,Dragon,3,185,485,78,60,85,135,91,36
Dhelmise,Ghost,Grass,3.9,210,517,70,131,100,86,90,40
Jangmo-o,Dragon,,0.6,29.7,300,45,55,65,45,45,45
Hakamo-o,Dragon,Fighting,1.2,47,420,55,75,90,65,70,65
Kommo-o,Dragon,Fighting,1.6,78.2,600,75,110,125,100,105,85
Tapu Koko,Electric,Fairy,1.8,20.5,570,70,115,85,95,75,130
Tapu Lele,Psychic,Fairy,1.2,18.6,570,70,85,75,130,115,95
Tapu Bulu,Grass,Fairy,1.9,45.5,570,70,130,115,85,95,75
Tapu Fini,Water,Fairy,1.3,21.2,570,70,75,115,95,130,85
Cosmog,Psychic,,0.2,0.1,200,43,29,31,29,31,37
Cosmoem,Psychic,,0.1,999.9,400,43,29,131,29,131,37
Solgaleo,Psychic,Steel,3.4,230,680,137,137,107,113,89,97
Lunala,Psychic,Ghost,4,120,680,137,113,89,137,107,97
Nihilego,Rock,Poison,1.2,55.5,570,109,53,47,127,131,103
Buzzwole,Bug,Fighting,2.4,333.6,570,107,139,139,53,53,79
Pheromosa,Bug,Fighting,1.8,25,570,71,137,37,137,37,151
Xurkitree,Electric,,3.8,100,570,83,89,71,173,71,83
Celesteela,Steel,Flying,9.2,999.9,570,97,101,103,107,101,61
Kartana,Grass,Steel,0.3,0.1,570,59,181,131,59,31,109
Guzzlord,Dark,Dragon,5.5,888,570,223,101,53,97,53,43
Necrozma,Psychic,,2.4,230,600,97,107,101,127,89,79
Dusk Mane Necrozma,Psychic,Steel,3.8,460,680,97,157,127,113,109,77
Dawn Wings Necrozma,Psychic,Ghost,4.2,350,680,97,113,109,157,127,77
Ultra Necrozma,Psychic,Dragon,7.5,230,754,97,167,97,167,97,129
Magearna,Steel,Fairy,1,80.5,600,80,95,115,130,115,65
Marshadow,Fighting,Ghost,0.7,22.2,600,90,125,80,90,90,125
Poipole,Poison,,0.6,1.8,420,67,73,67,73,67,73
Naganadel,Poison,Dragon,3.6,150,540,73,73,73,127,73,121
Stakataka,Rock,Steel,5.5,820,570,61,131,211,53,101,13
Blacephalon,Fire,Ghost,1.8,13,570,53,127,53,151,79,107
Zeraora,Electric,,1.5,44.5,600,88,112,75,102,80,143
Meltan,Steel,,0.2,8,300,46,65,65,55,35,34
Melmetal,Steel,,2.5,800,600,135,143,143,80,65,34
Grookey,Grass,,0.3,5,310,50,65,50,40,40,65
Thwackey,Grass,,0.7,14,420,70,85,70,55,60,80
Rillaboom,Grass,,2.1,90,530,100,125,90,60,70,85
Scorbunny,Fire,,0.3,4.5,310,50,71,40,40,40,69
Raboot,Fire,,0.6,9,420,65,86,60,55,60,94
Cinderace,Fire,,1.4,33,530,80,116,75,65,75,119
Sobble,Water,,0.3,4,310,50,40,40,70,40,70
Drizzile,Water,,0.7,11.5,420,65,60,55,95,55,90
Inteleon,Water,,1.9,45.2,530,70,85,65,125,65,120
Skwovet,Normal,,0.3,2.5,275,70,55,55,35,35,25
Greedent,Normal,,0.6,6,460,120,95,95,55,75,20
Rookidee,Flying,,0.2,1.8,245,38,47,35,33,35,57
Corvisquire,Flying,,0.8,16,365,68,67,55,43,55,77
Corviknight,Flying,Steel,2.2,75,495,98,87,105,53,85,67
Blipbug,Bug,,0.4,8,180,25,20,20,25,45,45
Dottler,Bug,Psychic,0.4,19.5,335,50,35,80,50,90,30
Orbeetle,Bug,Psychic,0.4,40.8,505,60,45,110,80,120,90
Nickit,Dark,,0.6,8.9,245,40,28,28,47,52,50
Thievul,Dark,,1.2,19.9,455,70,58,58,87,92,90
Gossifleur,Grass,,0.4,2.2,250,40,40,60,40,60,10
Eldegoss,Grass,,0.5,2.5,460,60,50,90,80,120,60
Wooloo,Normal,,0.6,6,270,42,40,55,40,45,48
Dubwool,Normal,,1.3,43,490,72,80,100,60,90,88
Chewtle,Water,,0.3,8.5,284,50,64,50,38,38,44
Drednaw,Water,Rock,1,115.5,485,90,115,90,48,68,74
Yamper,Electric,,0.3,13.5,270,59,45,50,40,50,26
Boltund,Electric,,1,34,490,69,90,60,90,60,121
Rolycoly,Rock,,0.3,12,240,30,40,50,40,50,30
Carkol,Rock,Fire,1.1,78,410,80,60,90,60,70,50
Coalossal,Rock,Fire,2.8,310.5,510,110,80,120,80,90,30
Applin,Grass,Dragon,0.2,0.5,260,40,40,80,40,40,20
Flapple,Grass,Dragon,0.3,1,485,70,110,80,95,60,70
Appletun,Grass,Dragon,0.4,13,485,110,85,80,100,80,30
Silicobra,Ground,,2.2,7.6,315,52,57,75,35,50,46
Sandaconda,Ground,,3.8,65.5,510,72,107,125,65,70,71
Cramorant,Flying,Water,0.8,18,475,70,85,55,85,95,85
Arrokuda,Water,,0.5,1,280,41,63,40,40,30,66
Barraskewda,Water,,1.3,30,490,61,123,60,60,50,136
Toxel,Electric,Poison,0.4,11,242,40,38,35,54,35,40
Toxtricity Low Key Form,Electric,Poison,1.6,40,502,75,98,70,114,70,75
Toxtricity Amped Form,Electric,Poison,1.6,40,502,75,98,70,114,70,75
Sizzlipede,Fire,Bug,0.7,1,305,50,65,45,50,50,45
Centiskorch,Fire,Bug,3,120,525,100,115,65,90,90,65
Clobbopus,Fighting,,0.6,4,310,50,68,60,50,50,32
Grapploct,Fighting,,1.6,39,480,80,118,90,70,80,42
Sinistea,Ghost,,0.1,0.2,308,40,45,45,74,54,50
Polteageist,Ghost,,0.2,0.4,508,60,65,65,134,114,70
Hatenna,Psychic,,0.4,3.4,265,42,30,45,56,53,39
Hattrem,Psychic,,0.6,4.8,370,57,40,65,86,73,49
Hatterene,Psychic,Fairy,2.1,5,510,57,90,95,136,103,29
Impidimp,Dark,Fairy,0.4,5.5,265,45,45,30,55,40,50
Morgrem,Dark,Fairy,0.8,12.5,370,65,60,45,75,55,70
Grimmsnarl,Dark,Fairy,1.5,61,510,95,120,65,95,75,60
Obstagoon,Dark,Normal,1.6,46,520,93,90,101,60,81,95
Perrserker,Steel,,0.8,28,440,70,110,100,50,60,50
Cursola,Ghost,,1,0.4,510,60,95,50,145,130,30
Sirfetch'd,Fighting,,0.8,117,507,62,135,95,68,82,65
Mr. Rime,Psychic,Ice,1.5,58.2,520,80,85,75,110,100,70
Runerigus,Ground,Ghost,1.6,66.6,483,58,95,145,50,105,30
Milcery,Fairy,,0.2,0.3,270,45,40,40,50,61,34
Alcremie,Fairy,,0.3,0.5,495,65,60,75,110,121,64
Falinks,Fighting,,3,62,470,65,100,100,70,60,75
Pincurchin,Electric,,0.3,1,435,48,101,95,91,85,15
Snom,Ice,Bug,0.3,3.8,185,30,25,35,45,30,20
Frosmoth,Ice,Bug,1.3,42,475,70,65,60,125,90,65
Stonjourner,Rock,,2.5,520,470,100,125,135,20,20,70
Eiscue Ice Face,Ice,,1.4,89,470,75,80,110,65,90,50
Eiscue Noice Face,Ice,,1.4,89,470,75,80,70,65,50,130
Indeedee Male,Psychic,Normal,0.9,28,475,60,65,55,105,95,95
Indeedee Female,Psychic,Normal,0.9,28,475,70,55,65,95,105,85
Morpeko Full Belly Mode,Electric,Dark,0.3,3,436,58,95,58,70,58,97
Morpeko Hangry Mode,Electric,Dark,0.3,3,436,58,95,58,70,58,97
Cufant,Steel,,1.2,100,330,72,80,49,40,49,40
Copperajah,Steel,,3,650,500,122,130,69,80,69,30
Dracozolt,Electric,Dragon,1.8,190,505,90,100,90,80,70,75
Arctozolt,Electric,Ice,2.3,150,505,90,100,90,90,80,55
Dracovish,Water,Dragon,2.3,215,505,90,90,100,70,80,75
Arctovish,Water,Ice,2,175,505,90,90,100,80,90,55
Duraludon,Steel,Dragon,1.8,40,535,70,95,115,120,50,85
Dreepy,Dragon,Ghost,0.5,2,270,28,60,30,40,30,82
Drakloak,Dragon,Ghost,1.4,11,410,68,80,50,60,50,102
Dragapult,Dragon,Ghost,3,50,600,88,120,75,100,75,142
Zacian Crowned Sword,Fairy,Steel,2.8,355,720,92,170,115,80,115,148
Zacian Hero of Many Battles,Fairy,,2.8,110,670,92,130,115,80,115,138
Zamazenta Crowned Shield,Fighting,Steel,2.9,785,720,92,130,145,80,145,128
Zamazenta Hero of Many Battles,Fighting,,2.9,210,670,92,130,115,80,115,138
Eternatus,Poison,Dragon,20,950,690,140,85,95,145,95,130
Eternatus Eternamax,Poison,Dragon,100,,1125,255,115,250,125,250,130
Kubfu,Fighting,,0.6,12,385,60,90,60,53,50,72
Urshifu Single Strike Style,Fighting,Dark,1.9,105,550,100,130,100,63,60,97
Urshifu Rapid Strike Style,Fighting,Water,1.9,105,550,100,130,100,63,60,97
Zarude,Dark,Grass,1.8,70,600,105,120,105,70,95,105
Regieleki,Electric,,1.2,145,580,80,100,50,100,50,200
Regidrago,Dragon,,2.1,200,580,200,100,50,100,50,80
Glastrier,Ice,,2.2,800,580,100,145,130,65,110,30
Spectrier,Ghost,,2,44.5,580,100,65,60,145,80,130
Calyrex,Psychic,Grass,1.1,7.7,500,100,80,80,80,80,80
Calyrex Ice Rider,Psychic,Ice,2.4,809.1,680,100,165,150,85,130,50
Calyrex Shadow Rider,Psychic,Ghost,2.4,53.6,680,100,85,80,165,100,150
